Label,Video Filename,File Path,Width,Height,Frames,FPS,Duration,Color
carcrash,VN20241207_221852.mp4,./f\carcrash\VN20241207_221852.mp4,956,720,82,30,2.733333333,Color
carcrash,VN20241207_232510.mp4,./f\carcrash\VN20241207_232510.mp4,956,720,99,30,3.3,Color
carcrash,VN20241207_224255.mp4,./f\carcrash\VN20241207_224255.mp4,956,720,103,30,3.433333333,Color
carcrash,VN20241207_221200.mp4,./f\carcrash\VN20241207_221200.mp4,960,720,115,30,3.833333333,Color
carcrash,VN20241207_202729.mp4,./f\carcrash\VN20241207_202729.mp4,956,720,116,30,3.866666667,Color
carcrash,VN20241207_230411.mp4,./f\carcrash\VN20241207_230411.mp4,956,720,117,30,3.9,Color
carcrash,VN20241207_212603.mp4,./f\carcrash\VN20241207_212603.mp4,960,720,118,30,3.933333333,Color
carcrash,VN20241207_221947.mp4,./f\carcrash\VN20241207_221947.mp4,956,720,124,30,4.133333333,Color
carcrash,VN20241207_212351.mp4,./f\carcrash\VN20241207_212351.mp4,960,720,130,30,4.333333333,Color
carcrash,VN20241209_090621.mp4,./f\carcrash\VN20241209_090621.mp4,960,720,134,30,4.466666667,Color
carcrash,VN20241207_212045.mp4,./f\carcrash\VN20241207_212045.mp4,956,720,136,30,4.533333333,Color
carcrash,VN20241207_231103.mp4,./f\carcrash\VN20241207_231103.mp4,956,720,140,30,4.666666667,Color
carcrash,VN20241207_235004.mp4,./f\carcrash\VN20241207_235004.mp4,956,720,140,30,4.666666667,Color
carcrash,VN20241207_223558.mp4,./f\carcrash\VN20241207_223558.mp4,956,720,141,30,4.7,Color
carcrash,VN20241207_204836.mp4,./f\carcrash\VN20241207_204836.mp4,960,720,142,30,4.733333333,Color
carcrash,VN20241207_221111.mp4,./f\carcrash\VN20241207_221111.mp4,960,720,143,30,4.766666667,Color
carcrash,VN20241208_105616.mp4,./f\carcrash\VN20241208_105616.mp4,960,720,144,30,4.8,Color
carcrash,VN20241207_234855.mp4,./f\carcrash\VN20241207_234855.mp4,960,720,145,30,4.833333333,Color
carcrash,VN20241207_220954.mp4,./f\carcrash\VN20241207_220954.mp4,956,720,146,30,4.866666667,Color
carcrash,VN20241207_212203.mp4,./f\carcrash\VN20241207_212203.mp4,954,720,147,30,4.9,Color
carcrash,VN20241207_224346.mp4,./f\carcrash\VN20241207_224346.mp4,956,720,148,30,4.933333333,Color
carcrash,VN20241207_230207.mp4,./f\carcrash\VN20241207_230207.mp4,960,720,148,30,4.933333333,Color
carcrash,VN20241207_234129.mp4,./f\carcrash\VN20241207_234129.mp4,960,720,150,30,5,Color
carcrash,VN20241207_224657.mp4,./f\carcrash\VN20241207_224657.mp4,960,720,151,30,5.033333333,Color
carcrash,VN20241208_105533.mp4,./f\carcrash\VN20241208_105533.mp4,960,720,152,30,5.066666667,Color
carcrash,VN20241207_213225.mp4,./f\carcrash\VN20241207_213225.mp4,960,720,154,30,5.133333333,Color
carcrash,VN20241207_213113.mp4,./f\carcrash\VN20241207_213113.mp4,960,720,156,30,5.2,Color
carcrash,VN20241207_220702.mp4,./f\carcrash\VN20241207_220702.mp4,956,720,156,30,5.2,Color
carcrash,VN20241207_225517.mp4,./f\carcrash\VN20241207_225517.mp4,960,720,158,30,5.266666667,Color
carcrash,VN20241207_222737.mp4,./f\carcrash\VN20241207_222737.mp4,960,720,160,30,5.333333333,Color
carcrash,VN20241207_225050.mp4,./f\carcrash\VN20241207_225050.mp4,956,720,160,30,5.333333333,Color
carcrash,VN20241207_231507.mp4,./f\carcrash\VN20241207_231507.mp4,960,720,160,30,5.333333333,Color
carcrash,VN20241207_204320.mp4,./f\carcrash\VN20241207_204320.mp4,956,720,162,30,5.4,Color
carcrash,VN20241207_210740.mp4,./f\carcrash\VN20241207_210740.mp4,956,720,162,30,5.4,Color
carcrash,VN20241207_223703.mp4,./f\carcrash\VN20241207_223703.mp4,956,720,162,30,5.4,Color
carcrash,VN20241207_233847.mp4,./f\carcrash\VN20241207_233847.mp4,960,720,164,30,5.466666667,Color
carcrash,VN20241207_205224.mp4,./f\carcrash\VN20241207_205224.mp4,956,720,165,30,5.5,Color
carcrash,VN20241207_210910.mp4,./f\carcrash\VN20241207_210910.mp4,960,720,165,30,5.5,Color
carcrash,VN20241207_211336.mp4,./f\carcrash\VN20241207_211336.mp4,960,720,165,30,5.5,Color
carcrash,VN20241208_162750.mp4,./f\carcrash\VN20241208_162750.mp4,956,720,165,30,5.5,Color
carcrash,VN20241207_232612.mp4,./f\carcrash\VN20241207_232612.mp4,960,720,166,30,5.533333333,Color
carcrash,VN20241207_233407.mp4,./f\carcrash\VN20241207_233407.mp4,960,720,166,30,5.533333333,Color
carcrash,VN20241207_222056.mp4,./f\carcrash\VN20241207_222056.mp4,960,720,167,30,5.566666667,Color
carcrash,VN20241207_222901.mp4,./f\carcrash\VN20241207_222901.mp4,954,720,173,30,5.766666667,Color
carcrash,VN20241207_225211.mp4,./f\carcrash\VN20241207_225211.mp4,960,720,176,30,5.866666667,Color
carcrash,VN20241207_225333.mp4,./f\carcrash\VN20241207_225333.mp4,960,720,177,30,5.9,Color
carcrash,VN20241208_105328.mp4,./f\carcrash\VN20241208_105328.mp4,960,720,177,30,5.9,Color
carcrash,VN20241207_211630.mp4,./f\carcrash\VN20241207_211630.mp4,960,720,178,30,5.933333333,Color
carcrash,VN20241207_225959.mp4,./f\carcrash\VN20241207_225959.mp4,960,720,178,30,5.933333333,Color
carcrash,VN20241207_221610.mp4,./f\carcrash\VN20241207_221610.mp4,960,720,181,30,6.033333333,Color
carcrash,VN20241207_205806.mp4,./f\carcrash\VN20241207_205806.mp4,960,720,182,30,6.066666667,Color
carcrash,VN20241208_162950.mp4,./f\carcrash\VN20241208_162950.mp4,956,720,185,30,6.166666667,Color
carcrash,VN20241208_105231.mp4,./f\carcrash\VN20241208_105231.mp4,960,720,186,30,6.2,Color
carcrash,VN20241207_234344.mp4,./f\carcrash\VN20241207_234344.mp4,960,720,187,30,6.233333333,Color
carcrash,VN20241207_210314.mp4,./f\carcrash\VN20241207_210314.mp4,960,720,189,30,6.3,Color
carcrash,VN20241207_212854.mp4,./f\carcrash\VN20241207_212854.mp4,956,720,190,30,6.333333333,Color
carcrash,VN20241207_222633.mp4,./f\carcrash\VN20241207_222633.mp4,960,720,192,30,6.4,Color
carcrash,VN20241207_234250.mp4,./f\carcrash\VN20241207_234250.mp4,960,720,193,30,6.433333333,Color
carcrash,VN20241207_221711.mp4,./f\carcrash\VN20241207_221711.mp4,954,720,194,30,6.466666667,Color
carcrash,VN20241207_211927.mp4,./f\carcrash\VN20241207_211927.mp4,960,720,195,30,6.5,Color
carcrash,VN20241207_232428.mp4,./f\carcrash\VN20241207_232428.mp4,960,720,196,30,6.533333333,Color
carcrash,VN20241207_233244.mp4,./f\carcrash\VN20241207_233244.mp4,960,720,198,30,6.6,Color
carcrash,VN20241207_223508.mp4,./f\carcrash\VN20241207_223508.mp4,960,720,200,30,6.666666667,Color
carcrash,VN20241208_163242.mp4,./f\carcrash\VN20241208_163242.mp4,956,720,200,30,6.666666667,Color
carcrash,VN20241207_205644.mp4,./f\carcrash\VN20241207_205644.mp4,956,720,202,30,6.733333333,Color
carcrash,VN20241207_212948.mp4,./f\carcrash\VN20241207_212948.mp4,960,720,202,30,6.733333333,Color
carcrash,VN20241207_224017.mp4,./f\carcrash\VN20241207_224017.mp4,960,720,203,30,6.766666667,Color
carcrash,VN20241208_105433.mp4,./f\carcrash\VN20241208_105433.mp4,960,720,206,30,6.866666667,Color
carcrash,VN20241207_235330.mp4,./f\carcrash\VN20241207_235330.mp4,960,720,207,30,6.9,Color
carcrash,VN20241207_212715.mp4,./f\carcrash\VN20241207_212715.mp4,956,720,208,30,6.933333333,Color
carcrash,VN20241207_223757.mp4,./f\carcrash\VN20241207_223757.mp4,960,720,208,30,6.933333333,Color
carcrash,VN20241208_163139.mp4,./f\carcrash\VN20241208_163139.mp4,960,720,208,30,6.933333333,Color
carcrash,VN20241207_221406.mp4,./f\carcrash\VN20241207_221406.mp4,960,720,209,30,6.966666667,Color
carcrash,VN20241207_211209.mp4,./f\carcrash\VN20241207_211209.mp4,960,720,212,30,7.066666667,Color
carcrash,VN20241207_202214.mp4,./f\carcrash\VN20241207_202214.mp4,954,720,213,30,7.1,Color
carcrash,VN20241207_235156.mp4,./f\carcrash\VN20241207_235156.mp4,956,720,216,30,7.2,Color
carcrash,VN20241207_221510.mp4,./f\carcrash\VN20241207_221510.mp4,960,720,217,30,7.233333333,Color
carcrash,VN20241207_231236.mp4,./f\carcrash\VN20241207_231236.mp4,956,720,218,30,7.266666667,Color
carcrash,VN20241207_215001.mp4,./f\carcrash\VN20241207_215001.mp4,956,720,219,30,7.3,Color
carcrash,VN20241207_205112.mp4,./f\carcrash\VN20241207_205112.mp4,960,720,224,30,7.466666667,Color
carcrash,VN20241207_202439.mp4,./f\carcrash\VN20241207_202439.mp4,960,720,229,30,7.633333333,Color
carcrash,VN20241207_224145.mp4,./f\carcrash\VN20241207_224145.mp4,960,720,230,30,7.666666667,Color
carcrash,VN20241207_211100.mp4,./f\carcrash\VN20241207_211100.mp4,960,720,232,30,7.733333333,Color
carcrash,VN20241207_204617.mp4,./f\carcrash\VN20241207_204617.mp4,960,720,237,30,7.9,Color
carcrash,VN20241207_210515.mp4,./f\carcrash\VN20241207_210515.mp4,960,720,238,30,7.933333333,Color
carcrash,VN20241207_233131.mp4,./f\carcrash\VN20241207_233131.mp4,960,720,238,30,7.933333333,Color
carcrash,VN20241207_233614.mp4,./f\carcrash\VN20241207_233614.mp4,956,720,238,30,7.933333333,Color
carcrash,VN20241207_212500.mp4,./f\carcrash\VN20241207_212500.mp4,960,720,246,30,8.2,Color
carcrash,VN20241207_222227.mp4,./f\carcrash\VN20241207_222227.mp4,960,720,246,30,8.2,Color
carcrash,VN20241207_210005.mp4,./f\carcrash\VN20241207_210005.mp4,956,720,258,30,8.6,Color
carcrash,VN20241207_224850.mp4,./f\carcrash\VN20241207_224850.mp4,960,720,258,30,8.6,Color
carcrash,VN20241207_232321.mp4,./f\carcrash\VN20241207_232321.mp4,960,720,259,30,8.633333333,Color
carcrash,VN20241207_203620.mp4,./f\carcrash\VN20241207_203620.mp4,956,720,263,30,8.766666667,Color
carcrash,VN20241207_223901.mp4,./f\carcrash\VN20241207_223901.mp4,956,720,264,30,8.8,Color
carcrash,VN20241207_234023.mp4,./f\carcrash\VN20241207_234023.mp4,956,720,264,30,8.8,Color
carcrash,VN20241207_225902.mp4,./f\carcrash\VN20241207_225902.mp4,960,720,278,30,9.266666667,Color
carcrash,VN20241207_222510.mp4,./f\carcrash\VN20241207_222510.mp4,960,720,286,30,9.533333333,Color
